,majaxis_pix,majaxis_H,sum_Qphi_H,sum_Uphi_H,f_H,majaxis_V,sum_Qphi_V,sum_Uphi_V,f_V,majaxis_I,sum_Qphi_I,sum_Uphi_I,f_I
0,4,49.08,10.875158794739637,-0.04168431271165725,2.942485769998921,,,,,,,,
1,5,61.349999999999994,20.850250472513558,-0.03304297293398543,2.1102863995808714,,,,,,,,
2,6,73.62,31.121939056961182,-0.01602242831872572,1.735110395954637,,,,,,,,
3,7,85.89,43.68616171223571,-0.006035022161361794,1.5565569813141635,,,,,,,,
4,8,98.16,56.9566146675379,-0.007082547390121333,1.4396923075334294,,,,,,,,
5,9,110.42999999999999,72.15141660395494,0.0049985576778896375,1.358254690104424,,,,,,,,
6,10,122.69999999999999,84.60075842705983,0.006158257437094733,1.3002247502880084,,,,,,,,
7,11,134.97,78.80326897917143,0.008002431506617554,1.268982889865027,,,,,,,,
8,12,147.24,95.27654245358752,0.013742888287085725,1.2385000227887348,,,,,,,,
9,13,159.51,110.56522611325367,0.016238042876468496,1.2119542889799884,,,,,,,,
10,14,171.78,120.85458666107114,0.01829862265998045,1.1915145629006094,,,,,,,,
11,15,184.04999999999998,141.28947127025546,0.025400748355002712,1.1748929237797117,,,,,,,,
12,16,196.32,141.7227617284291,0.032922862549632025,1.1571888523754483,,,,,,,,
13,17,208.59,162.19909454203167,0.0303891363935664,1.1467388306030317,,,,,,,,
14,18,220.85999999999999,169.23244137760923,0.033433759542307734,1.1345342443626951,,,,,,,,
15,19,233.13,179.5315469577874,0.03441793765662837,1.125150445272415,,,,,,,,
16,20,245.39999999999998,198.82142945139336,0.039069828619619176,1.116579840576356,,,,,,,,
17,21,257.67,207.36368223491883,0.04222581045425607,1.1091624026016131,,,,,,,,
18,22,269.94,218.9788098445711,0.04144207635098023,1.1051297619699783,,,,,,,,
19,23,282.21,232.9460074774233,0.03775246603020927,1.0989671073234042,,,,,,,,
20,24,294.48,235.98244689824307,0.04272980552195209,1.0933016560814417,,,,,,,,
21,25,306.75,257.3855502056076,0.040223872831170716,1.087862157670962,,,,,,,,
22,26,319.02,273.2815152031225,0.04051334522102191,1.0831321678672319,,,,,,,,
23,27,331.28999999999996,291.0536478143847,0.043466160866036246,1.0788389094516657,,,,,,,,
24,28,343.56,295.82898460756803,0.03949721158973838,1.0749453790738015,,,,,,,,
25,29,355.83,300.5869781068194,0.03895393098563741,1.071237357080622,,,,,,,,
26,30,368.09999999999997,324.0526620963871,0.03922887372826321,1.0677276889553367,,,,,,,,
27,31,380.37,330.6080350693722,0.03821629710824948,1.0647049153724866,,,,,,,,
28,32,392.64,354.11482942552027,0.04330583755825061,1.0618024684534788,,,,,,,,
29,33,404.90999999999997,343.3845384145852,0.034618365966967976,1.060036079902132,,,,,,,,
30,34,417.18,361.22465541450396,0.035067798013213206,1.0575136394321047,,,,,,,,
31,35,429.45,362.1109367011479,0.033590730713005695,1.0549253316678104,,,,,,,,
32,36,441.71999999999997,383.7093023367558,0.026759883393065585,1.0528803902841959,,,,,,,,
33,37,453.99,394.0880374148247,0.03426394684323104,1.0505266861582392,,,,,,,,
34,38,466.26,408.17232942128027,0.03032786240608714,1.0485767141707818,,,,,,,,
35,39,478.53,416.59182616198785,0.032870404108610266,1.0465879852152102,,,,,,,,
36,40,490.79999999999995,434.50301389887653,0.028219221043164974,1.0448719237322968,,,,,,,,
37,41,503.07,452.4426621883545,0.029286815137052873,1.0432261133754528,,,,,,,,
38,42,515.34,455.1573882093457,0.03345306798234058,1.0413980136954029,,,,,,,,
39,43,527.61,449.7962496889336,0.02796855250338671,1.0404711029130536,,,,,,,,
40,44,539.88,483.11251760069774,0.026519904742981427,1.0390954109264317,,,,,,,,
41,45,552.15,479.97406105837604,0.025737826552464108,1.037556068971468,,,,,,,,
42,46,564.42,497.94052395841237,0.025542079168642637,1.0362683396362733,,,,,,,,
43,47,576.6899999999999,516.0324144570009,0.027956092742079892,1.0348187149481796,,,,,,,,
44,48,588.96,520.5226200466495,0.023887135313408803,1.0335766002864277,,,,,,,,
45,49,601.23,548.1804454337168,0.020739234934967526,1.0325067315237493,,,,,,,,
46,50,613.5,531.3926616512748,0.016852761101819377,1.0312524796581095,,,,,,,,
47,51,625.77,563.002812598081,0.01726876531765786,1.0301902353266803,,,,,,,,
48,52,638.04,575.263849109188,0.0210281121789134,1.0290929995283529,,,,,,,,
49,53,650.31,591.3722970339602,0.018469845420941124,1.0281171489591858,,,,,,,,
50,54,662.5799999999999,611.1633514604516,0.015928936341337414,1.0275485244645561,,,,,,,,
51,55,674.85,617.5824678673177,0.016957803307562788,1.026583546306579,,,,,,,,
52,56,687.12,620.1057171185795,0.021094650758185108,1.0256315696544065,,,,,,,,
53,57,699.39,642.097212544473,0.01886733794650454,1.0247669467252603,,,,,,,,
54,58,711.66,650.4429207779496,0.015571436373402527,1.0239176701369026,,,,,,,,
55,59,723.93,676.3660112190593,0.017465157745944204,1.0231146871983743,,,,,,,,
56,60,736.1999999999999,680.7862579660136,0.019478254001737128,1.0223473107101786,,,,,,,,
57,61,748.47,695.0284355239472,0.016433733967404385,1.0215409380549538,,,,,,,,
58,62,760.74,707.2165543314237,0.01596906570754568,1.0209037042162454,,,,,,,,
59,63,773.01,703.7830736752546,0.011798423711475148,1.0202007221493727,,,,,,,,
60,64,785.28,745.4201521791638,0.015426175994842545,1.019559234853275,,,,,,,,
61,65,797.55,724.1281902130423,0.025747245835055558,1.0191565664400892,,,,,,,,
62,66,809.8199999999999,744.2040846064132,0.02512422467240379,1.018537811977857,,,,,,,,
63,67,822.0899999999999,748.5422306806386,0.023609366353060813,1.017978637367092,,,,,,,,
64,68,834.36,766.6304995192966,0.025894760079465742,1.0174393015789047,,,,,,,,
65,69,846.63,771.0105247983212,0.024835608464530864,1.0168473383746306,,,,,,,,
66,70,858.9,781.204288287425,0.024724628651471438,1.0163794693710988,,,,,,,,
67,71,871.17,803.2444741355353,0.022616129004545422,1.0158800045007375,,,,,,,,
68,72,883.4399999999999,815.4155169624959,0.022109077829712956,1.0154332150611785,,,,,,,,
69,73,895.7099999999999,829.5758633367255,0.023733327990427072,1.0149764924612223,,,,,,,,
70,74,907.98,826.0310605902664,0.021278212108011233,1.0144896965510968,,,,,,,,
71,75,920.25,830.1308388627589,0.0031794360084632304,1.014297940254215,,,,,,,,
72,76,932.52,860.0432472375743,0.0033958549971499405,1.013902501764685,,,,,,,,
73,77,944.79,856.4347185627618,0.004266378992632907,1.0135039848181853,,,,,,,,
74,78,957.06,890.3006145620011,0.005262189521445581,1.0131409382927974,,,,,,,,
75,79,969.3299999999999,896.5401422618422,0.0022778033669008796,1.0127823141407213,,,,,,,,
76,80,981.5999999999999,892.8853525677871,-0.00016023094698903155,1.012448011830689,,,,,,,,
77,81,993.87,918.8564679295977,0.007532636105935309,1.0121276091090825,,,,,,,,
78,82,1006.14,917.1931706269177,0.006649524138037089,1.0117825009160237,,,,,,,,
79,83,1018.41,962.929074181818,0.004903222755614082,1.0114971352667783,,,,,,,,
80,84,1030.68,955.3017738023015,0.0024820540402092435,1.0111987923513608,,,,,,,,
81,85,1042.95,965.4409842561427,0.005984594593374784,1.010936987258722,,,,,,,,
82,86,1055.22,1001.1978327262483,0.0038476842411662763,1.0107892435647183,,,,,,,,
83,87,1067.49,989.5947520990383,0.00787670981285881,1.0105146554980118,,,,,,,,
84,88,1079.76,1011.6368298386291,0.004956644216863469,1.0102439629081357,,,,,,,,
85,89,1092.03,1019.7867443158763,0.0020345496519450015,1.0100150896656097,,,,,,,,
86,90,1104.3,1037.849399240711,0.004692504576359263,1.0097804178204615,,,,,,,,
87,91,1116.57,1067.790661752003,0.005555012969217946,1.0095611795585904,,,,,,,,
88,92,1128.84,1054.1699610856624,0.004225014142811511,1.0093249089589063,,,,,,,,
89,93,1141.11,1076.1894493309176,0.00301271160219236,1.0091160071074676,,,,,,,,
90,94,1153.3799999999999,1086.320740979916,0.006212035710424429,1.008910129996554,,,,,,,,
91,95,1165.6499999999999,1108.3463012672876,0.006536756192415841,1.0087100022093043,,,,,,,,
92,96,1177.92,1120.4515561035018,0.0057418584188465545,1.0085219604939495,,,,,,,,
93,97,1190.19,1114.6262571232744,0.008421885931749673,1.008409763198041,,,,,,,,
94,98,1202.46,1124.7620530043807,0.009411583722096396,1.0082132456113215,,,,,,,,
95,99,1214.73,1148.7611195453467,0.01361721862409329,1.0080424731456004,,,,,,,,
96,100,1227.0,1156.901176474875,0.011185517425244746,1.0078648234699263,,,,,,,,
97,101,1239.27,1151.14247161952,0.011010537511613865,1.0076945544090807,,,,,,,,
98,102,1251.54,1167.1913136957319,0.012619051889452679,1.0075469087208822,,,,,,,,
99,103,1263.81,1173.3426293353505,0.010005053090590582,1.0073783824504472,,,,,,,,
100,104,1276.08,1199.3131850108712,0.013728488296754692,1.0072431580822236,,,,,,,,
101,105,1288.35,1207.4458669346704,0.008405320057921736,1.0070844857724726,,,,,,,,
102,106,1300.62,1207.6028743867491,0.010801238879846251,1.0069535488788193,,,,,,,,
103,107,1312.8899999999999,1205.7166225690603,0.001915639954840075,1.0068700864497415,,,,,,,,
104,108,1325.1599999999999,1229.7099543473773,0.0029858280423335323,1.0067414642154557,,,,,,,,
105,109,1337.43,1237.822994645883,0.0011126623115101492,1.006605956901339,,,,,,,,
106,110,1349.7,1269.7566136346818,0.00019145389901168764,1.0064920995699496,,,,,,,,
107,111,1361.97,1265.9577182316991,0.0013596436820383572,1.0063527254129265,,,,,,,,
108,112,1374.24,1285.9768552270916,0.0055897945454136495,1.0062389495894088,,,,,,,,
109,113,1386.51,1290.1064536233366,0.004452235725030929,1.0061185232850312,,,,,,,,
110,114,1398.78,1294.227077364158,0.0012452384685913667,1.0060058414568736,,,,,,,,
111,115,1411.05,1330.147137252443,0.0009187353881289142,1.005903754951334,,,,,,,,
112,116,1423.32,1324.3368640324293,0.0008562200833866847,1.0057863948181867,,,,,,,,
113,117,1435.59,1368.2110702998043,0.0013651117102161088,1.0056927837153729,,,,,,,,
114,118,1447.86,1354.3724493475163,0.007421494121759244,1.0056317969670443,,,,,,,,
115,119,1460.1299999999999,1340.597310880031,0.0061511192925732105,1.005521933439587,,,,,,,,
116,120,1472.3999999999999,1366.5934534950527,0.004477312571250477,1.0054197146093486,,,,,,,,
117,121,1484.6699999999998,1390.5891020175434,0.004497060117577342,1.0053293226386604,,,,,,,,
118,122,1496.94,1410.6150336302978,0.0030437334183953967,1.005235281202623,,,,,,,,
119,123,1509.21,1416.6865950008234,0.003892810178083639,1.0051623309100148,,,,,,,,
120,124,1521.48,1408.8716942212316,0.006135438524797347,1.0050595847783774,,,,,,,,
121,125,1533.75,1440.8328788553401,0.006521057233626557,1.004974290391231,,,,,,,,
122,126,1546.02,1452.8935842999613,0.006467129174102942,1.004891215555517,,,,,,,,
123,127,1558.29,1460.971757324455,0.005887124898906041,1.0048106629305527,,,,,,,,
124,128,1570.56,1475.0086017033332,0.0037671044874441075,1.004739903407067,,,,,,,,
125,129,1582.83,1496.9775167628534,0.00766692031943698,1.0046911080216705,,,,,,,,
126,130,1595.1,1503.080437605746,0.00603294828245659,1.0046035875533554,,,,,,,,
127,131,1607.37,1513.1302767329125,0.005203346009047482,1.0045400738936507,,,,,,,,
128,132,1619.6399999999999,1527.1811976156139,0.003936380469702048,1.0044649596230182,,,,,,,,
129,133,1631.9099999999999,1537.238828788847,0.0058137923072677,1.0043982568515264,,,,,,,,
130,134,1644.1799999999998,1541.3458462387132,0.004627177080772279,1.0043171062338312,,,,,,,,
131,135,1656.45,1567.3309845499703,0.004364504428862763,1.0042550141072752,,,,,,,,
132,136,1668.72,1589.3240021832635,0.007249406845885435,1.004200526643759,,,,,,,,
133,137,1680.99,1591.4357574028927,0.008016035853396759,1.0041247298652003,,,,,,,,
134,138,1693.26,1597.5041042290597,0.0077942300990019985,1.004066277985605,,,,,,,,
135,139,1705.53,1595.5655988442124,0.00038638005401562614,1.0040326772903907,,,,,,,,
136,140,1717.8,1601.6391842268106,-0.00045994857691575525,1.0039714411559306,,,,,,,,
137,141,1730.07,1627.6247986147748,4.42470567819732e-05,1.0039168740797333,,,,,,,,
138,142,1742.34,1633.7100015045055,0.0002426560474433092,1.0038501315960005,,,,,,,,
139,143,1754.61,1627.830187604685,0.002248497397201019,1.0037902064000874,,,,,,,,
140,144,1766.8799999999999,1679.71028790509,0.0014241103776141343,1.0037445219810819,,,,,,,,
141,145,1779.1499999999999,1665.85862270314,-0.0008734703301977589,1.003686613745706,,,,,,,,
142,146,1791.4199999999998,1695.835794378321,0.0009812691287459467,1.0036349071308162,,,,,,,,
143,147,1803.6899999999998,1703.8960745071242,-0.0007127908920567585,1.0035823343830645,,,,,,,,
144,148,1815.96,1690.0346983899215,-0.000693789223266453,1.003529691796128,,,,,,,,
145,149,1828.23,1753.8813276921262,0.0008970614349842137,1.0034886467010429,,,,,,,,
146,150,1840.5,1726.0333202023544,0.0065865364130676144,1.0034568740520873,,,,,,,,
147,151,1852.77,1728.1265169084902,0.005561475368927306,1.0033987575759309,,,,,,,,
148,152,1865.04,1764.079508191203,0.006552640169326619,1.0033561366034276,,,,,,,,
149,153,1877.31,1732.271658015407,0.004913777158220862,1.0033068381382835,,,,,,,,
150,154,1889.58,1776.2005717934765,0.005561168426573921,1.0032650750701357,,,,,,,,
151,155,1901.85,1778.2764655468889,0.005939611470320906,1.0032185852784994,,,,,,,,
152,156,1914.12,1784.3417166370793,0.0058358160009102135,1.0031710760949897,,,,,,,,
153,157,1926.3899999999999,1820.2927352932547,0.00643816649923205,1.003135355427228,,,,,,,,
154,158,1938.6599999999999,1802.4218278357168,0.0038414648241462007,1.0030948205786996,,,,,,,,
155,159,1950.9299999999998,1834.404164231923,0.004551328304561319,1.0030504922945485,,,,,,,,
156,160,1963.1999999999998,1854.4141146913191,0.005961870494572652,1.0030122103064398,,,,,,,,
157,161,1975.47,1874.4053276146165,0.004707715691786014,1.002984771918304,,,,,,,,
158,162,1987.74,1872.4767932794598,0.004442362086506991,1.0029496796651172,,,,,,,,
159,163,2000.01,1906.4348427442771,0.004751801141908264,1.0029191436974116,,,,,,,,
160,164,2012.28,1908.5145572359834,0.0037055876972896177,1.0028741948774869,,,,,,,,
161,165,2024.55,1912.5709307229229,0.003471443595592198,1.0028386237550024,,,,,,,,
162,166,2036.82,1918.6277894801517,0.002859918856597441,1.0028000274723967,,,,,,,,
163,167,2049.09,1950.5986364168978,0.004020002571567689,1.0027690799543592,,,,,,,,
164,168,2061.36,1978.5879030858923,0.006109934424826846,1.002735333065398,,,,,,,,
165,169,2073.63,1956.723225756736,0.004492544485277536,1.0026967402307105,,,,,,,,
166,170,2085.9,1966.7557945218543,0.003947426662720755,1.0026664243180332,,,,,,,,
167,171,2098.17,1976.7625128940515,0.0006466532134177412,1.0026495277362786,,,,,,,,
168,172,2110.44,1986.8060278755042,-0.0002469956382458483,1.0026142321150746,,,,,,,,
169,173,2122.71,2020.7810759606357,0.00010277958354963369,1.0025826271343536,,,,,,,,
170,174,2134.98,2010.8721819617078,9.6641788048224e-05,1.0025500467330994,,,,,,,,
171,175,2147.25,2012.9185624894835,0.0010777837949755187,1.002524412862601,,,,,,,,
172,176,2159.52,2042.9041855869066,-0.0009218780573209027,1.0024943971670552,,,,,,,,
173,177,2171.79,2040.9764825956208,-0.0018996625420820055,1.002461330371622,,,,,,,,
174,178,2184.06,2084.930181001826,-0.0003846703207868439,1.0024316492918424,,,,,,,,
175,179,2196.33,2069.0228670277615,8.307706415102809e-06,1.002405547590389,,,,,,,,
176,180,2208.6,2079.053283928029,0.0004077422683678139,1.0023793118291922,,,,,,,,
177,181,2220.87,2113.0323293753145,0.0010563726551769835,1.0023509676381308,,,,,,,,
178,182,2233.14,2077.159511909919,0.005829760532694894,1.002330340092962,,,,,,,,
179,183,2245.41,2107.1506693431475,0.003779256890910461,1.0023013687285893,,,,,,,,
180,184,2257.68,2107.195098966177,0.004367611679598332,1.0022802354827898,,,,,,,,
181,185,2269.95,2115.2402288743265,0.003699682646794118,1.002250227213297,,,,,,,,
182,186,2282.22,2163.1760094371098,0.005071951448527942,1.0022300499551793,,,,,,,,
183,187,2294.49,2141.2865284875024,0.005314953664534843,1.0022012334406396,,,,,,,,
184,188,2306.7599999999998,2171.2724977038633,0.004129017834013064,1.0021772957107578,,,,,,,,
185,189,2319.0299999999997,2167.327582694703,0.0047174465467588475,1.0021558426804533,,,,,,,,
186,190,2331.2999999999997,2187.3473489428156,0.003332333037312523,1.002127074631943,,,,,,,,
187,191,2343.5699999999997,2225.3068223001633,0.0050343091854752895,1.0021090025217223,,,,,,,,
188,192,2355.84,2189.4401588933983,0.005086339489083135,1.0020826516258414,,,,,,,,
189,193,2368.11,2227.392573772573,0.002728049926666676,1.0020685290422888,,,,,,,,
190,194,2380.38,2271.3427657371117,0.00404806882051191,1.0020504321642432,,,,,,,,
191,195,2392.65,2285.3689572098556,0.0038299515816783494,1.0020263873697657,,,,,,,,
192,196,2404.92,2275.438836953971,0.0014676159304556921,1.0020045201707706,,,,,,,,
193,197,2417.19,2303.4255022074294,0.0028895529615064024,1.0019859543050933,,,,,,,,
194,198,2429.46,2305.4814853172334,0.00244901529351279,1.0019599006591653,,,,,,,,
195,199,2441.73,2333.4643948458775,0.002809681850418821,1.0019437216030125,,,,,,,,
